[
    {
        "function": "minecraft:filtered",
        "item_filter": {
            "items": "minecraft:white_concrete_powder"
        },
        "on_pass": {
            "function": "minecraft:set_item",
            "item": "minecraft:white_concrete"
        }
    },
    {
        "function": "minecraft:filtered",
        "item_filter": {
            "items": "minecraft:orange_concrete_powder"
        },
        "on_pass": {
            "function": "minecraft:set_item",
            "item": "minecraft:orange_concrete"
        }
    },
    {
        "function": "minecraft:filtered",
        "item_filter": {
            "items": "minecraft:magenta_concrete_powder"
        },
        "on_pass": {
            "function": "minecraft:set_item",
            "item": "minecraft:magenta_concrete"
        }
    },
    {
        "function": "minecraft:filtered",
        "item_filter": {
            "items": "minecraft:light_blue_concrete_powder"
        },
        "on_pass": {
            "function": "minecraft:set_item",
            "item": "minecraft:light_blue_concrete"
        }
    },
    {
        "function": "minecraft:filtered",
        "item_filter": {
            "items": "minecraft:yellow_concrete_powder"
        },
        "on_pass": {
            "function": "minecraft:set_item",
            "item": "minecraft:yellow_concrete"
        }
    },
    {
        "function": "minecraft:filtered",
        "item_filter": {
            "items": "minecraft:lime_concrete_powder"
        },
        "on_pass": {
            "function": "minecraft:set_item",
            "item": "minecraft:lime_concrete"
        }
    },
    {
        "function": "minecraft:filtered",
        "item_filter": {
            "items": "minecraft:pink_concrete_powder"
        },
        "on_pass": {
            "function": "minecraft:set_item",
            "item": "minecraft:pink_concrete"
        }
    },
    {
        "function": "minecraft:filtered",
        "item_filter": {
            "items": "minecraft:gray_concrete_powder"
        },
        "on_pass": {
            "function": "minecraft:set_item",
            "item": "minecraft:gray_concrete"
        }
    },
    {
        "function": "minecraft:filtered",
        "item_filter": {
            "items": "minecraft:light_gray_concrete_powder"
        },
        "on_pass": {
            "function": "minecraft:set_item",
            "item": "minecraft:light_gray_concrete"
        }
    },
    {
        "function": "minecraft:filtered",
        "item_filter": {
            "items": "minecraft:cyan_concrete_powder"
        },
        "on_pass": {
            "function": "minecraft:set_item",
            "item": "minecraft:cyan_concrete"
        }
    },
    {
        "function": "minecraft:filtered",
        "item_filter": {
            "items": "minecraft:purple_concrete_powder"
        },
        "on_pass": {
            "function": "minecraft:set_item",
            "item": "minecraft:purple_concrete"
        }
    },
    {
        "function": "minecraft:filtered",
        "item_filter": {
            "items": "minecraft:blue_concrete_powder"
        },
        "on_pass": {
            "function": "minecraft:set_item",
            "item": "minecraft:blue_concrete"
        }
    },
    {
        "function": "minecraft:filtered",
        "item_filter": {
            "items": "minecraft:brown_concrete_powder"
        },
        "on_pass": {
            "function": "minecraft:set_item",
            "item": "minecraft:brown_concrete"
        }
    },
    {
        "function": "minecraft:filtered",
        "item_filter": {
            "items": "minecraft:green_concrete_powder"
        },
        "on_pass": {
            "function": "minecraft:set_item",
            "item": "minecraft:green_concrete"
        }
    },
    {
        "function": "minecraft:filtered",
        "item_filter": {
            "items": "minecraft:red_concrete_powder"
        },
        "on_pass": {
            "function": "minecraft:set_item",
            "item": "minecraft:red_concrete"
        }
    },
    {
        "function": "minecraft:filtered",
        "item_filter": {
            "items": "minecraft:black_concrete_powder"
        },
        "on_pass": {
            "function": "minecraft:set_item",
            "item": "minecraft:black_concrete"
        }
    }
]