[
	{
		"function": "minecraft:set_custom_data",
		"tag":{ "wand":1 }
	},
	{
		"function": "minecraft:set_components",
		"components": {
			"minecraft:enchantment_glint_override": true
		}
	},
	{
		"function": "minecraft:set_custom_data",
		"tag":{ "type":2 }
	},
	{
		"function": "minecraft:set_custom_model_data",
		"strings": {
		  "values": ["armor_statues:adjustment_wand_2"],
		  "mode": "replace_all"
		}
	},
	{
		"function": "minecraft:set_name",
		"entity": "this",
		"name": {
			"text": "Adjustment Wand: Z axis"
		}
	},
	{
		"function": "minecraft:set_lore",
		"entity": "this",
		"lore": [
		  ["",
		  {"keybind":"key.sneak"},
		  {"text":"+"},
		  {"keybind":"key.use"},
		  {"text":" to set mode"}]
		],
		"mode": "replace_all"
	  }
]