[
	{
        "function": "minecraft:set_name",
        "entity": "this",
        "name": [
			{
				"text":""
			},
			{
				"nbt": "equipment.offhand.components.minecraft:custom_name", 
				"entity": "@s",
				"interpret": true 
			},
			{
				"nbt": "SelectedItem.components.minecraft:custom_name", 
				"entity": "@s", 
				"interpret": true 
			}
		]
    },
	{
        "function": "minecraft:set_custom_data",
        "tag": {
			"NameFormat": {
				"merged": 1
			}
		}
    }
]