{
    "type": "minecraft:entity",
    "pools": [
        {
            "conditions": [
                {
                    "condition": "killed_by_player"
                }
            ],
            "rolls": 1.0,
            "entries": [
                {
                    "type": "minecraft:alternatives",
                    "children": [
                        {
                            "type": "minecraft:loot_table",
                            "conditions": [
                                {
                                    "condition": "minecraft:entity_properties",
                                    "entity": "this",
                                    "predicate": {
                                        "components": {
                                            "minecraft:custom_name": "jeb_"
                                        }
                                    }
                                }
                            ],
                            "value": "more_mob_heads:entities/sheep/jeb_"
                        },
                        {
                            "type": "minecraft:loot_table",
                            "conditions": [
                                {
                                    "condition": "minecraft:entity_properties",
                                    "entity": "this",
                                    "predicate": {
                                        "components": {
                                            "minecraft:sheep/color": "white"
                                        }
                                    }
                                }
                            ],
                            "value": "more_mob_heads:entities/sheep/white"
                        },
                        {
                            "type": "minecraft:loot_table",
                            "conditions": [
                                {
                                    "condition": "minecraft:entity_properties",
                                    "entity": "this",
                                    "predicate": {
                                        "components": {
                                            "minecraft:sheep/color": "orange"
                                        }
                                    }
                                }
                            ],
                            "value": "more_mob_heads:entities/sheep/orange"
                        },
                        {
                            "type": "minecraft:loot_table",
                            "conditions": [
                                {
                                    "condition": "minecraft:entity_properties",
                                    "entity": "this",
                                    "predicate": {
                                        "components": {
                                            "minecraft:sheep/color": "magenta"
                                        }
                                    }
                                }
                            ],
                            "value": "more_mob_heads:entities/sheep/magenta"
                        },
                        {
                            "type": "minecraft:loot_table",
                            "conditions": [
                                {
                                    "condition": "minecraft:entity_properties",
                                    "entity": "this",
                                    "predicate": {
                                        "components": {
                                            "minecraft:sheep/color": "light_blue"
                                        }
                                    }
                                }
                            ],
                            "value": "more_mob_heads:entities/sheep/light_blue"
                        },
                        {
                            "type": "minecraft:loot_table",
                            "conditions": [
                                {
                                    "condition": "minecraft:entity_properties",
                                    "entity": "this",
                                    "predicate": {
                                        "components": {
                                            "minecraft:sheep/color": "yellow"
                                        }
                                    }
                                }
                            ],
                            "value": "more_mob_heads:entities/sheep/yellow"
                        },
                        {
                            "type": "minecraft:loot_table",
                            "conditions": [
                                {
                                    "condition": "minecraft:entity_properties",
                                    "entity": "this",
                                    "predicate": {
                                        "components": {
                                            "minecraft:sheep/color": "lime"
                                        }
                                    }
                                }
                            ],
                            "value": "more_mob_heads:entities/sheep/lime"
                        },
                        {
                            "type": "minecraft:loot_table",
                            "conditions": [
                                {
                                    "condition": "minecraft:entity_properties",
                                    "entity": "this",
                                    "predicate": {
                                        "components": {
                                            "minecraft:sheep/color": "pink"
                                        }
                                    }
                                }
                            ],
                            "value": "more_mob_heads:entities/sheep/pink"
                        },
                        {
                            "type": "minecraft:loot_table",
                            "conditions": [
                                {
                                    "condition": "minecraft:entity_properties",
                                    "entity": "this",
                                    "predicate": {
                                        "components": {
                                            "minecraft:sheep/color": "gray"
                                        }
                                    }
                                }
                            ],
                            "value": "more_mob_heads:entities/sheep/gray"
                        },
                        {
                            "type": "minecraft:loot_table",
                            "conditions": [
                                {
                                    "condition": "minecraft:entity_properties",
                                    "entity": "this",
                                    "predicate": {
                                        "components": {
                                            "minecraft:sheep/color": "light_gray"
                                        }
                                    }
                                }
                            ],
                            "value": "more_mob_heads:entities/sheep/light_gray"
                        },
                        {
                            "type": "minecraft:loot_table",
                            "conditions": [
                                {
                                    "condition": "minecraft:entity_properties",
                                    "entity": "this",
                                    "predicate": {
                                        "components": {
                                            "minecraft:sheep/color": "cyan"
                                        }
                                    }
                                }
                            ],
                            "value": "more_mob_heads:entities/sheep/cyan"
                        },
                        {
                            "type": "minecraft:loot_table",
                            "conditions": [
                                {
                                    "condition": "minecraft:entity_properties",
                                    "entity": "this",
                                    "predicate": {
                                        "components": {
                                            "minecraft:sheep/color": "purple"
                                        }
                                    }
                                }
                            ],
                            "value": "more_mob_heads:entities/sheep/purple"
                        },
                        {
                            "type": "minecraft:loot_table",
                            "conditions": [
                                {
                                    "condition": "minecraft:entity_properties",
                                    "entity": "this",
                                    "predicate": {
                                        "components": {
                                            "minecraft:sheep/color": "blue"
                                        }
                                    }
                                }
                            ],
                            "value": "more_mob_heads:entities/sheep/blue"
                        },
                        {
                            "type": "minecraft:loot_table",
                            "conditions": [
                                {
                                    "condition": "minecraft:entity_properties",
                                    "entity": "this",
                                    "predicate": {
                                        "components": {
                                            "minecraft:sheep/color": "brown"
                                        }
                                    }
                                }
                            ],
                            "value": "more_mob_heads:entities/sheep/brown"
                        },
                        {
                            "type": "minecraft:loot_table",
                            "conditions": [
                                {
                                    "condition": "minecraft:entity_properties",
                                    "entity": "this",
                                    "predicate": {
                                        "components": {
                                            "minecraft:sheep/color": "green"
                                        }
                                    }
                                }
                            ],
                            "value": "more_mob_heads:entities/sheep/green"
                        },
                        {
                            "type": "minecraft:loot_table",
                            "conditions": [
                                {
                                    "condition": "minecraft:entity_properties",
                                    "entity": "this",
                                    "predicate": {
                                        "components": {
                                            "minecraft:sheep/color": "red"
                                        }
                                    }
                                }
                            ],
                            "value": "more_mob_heads:entities/sheep/red"
                        },
                        {
                            "type": "minecraft:loot_table",
                            "conditions": [
                                {
                                    "condition": "minecraft:entity_properties",
                                    "entity": "this",
                                    "predicate": {
                                        "components": {
                                            "minecraft:sheep/color": "black"
                                        }
                                    }
                                }
                            ],
                            "value": "more_mob_heads:entities/sheep/black"
                        }
                    ]
                }
            ]
        }
    ],
    "random_sequence": "more_mob_heads:entities/sheep"
}