{
    "type": "minecraft:multi_action",
    "title": "Locator Bar Options > Info",
    "external_title": "Info",
    "pause": false,
    "after_action": "none",
    "columns": 1,
    "body": [
        {
            "type": "plain_message",
            "width": 350,
            "contents": "The [Locator Bar Options] Datapack exposes the /waypoint commands to the settings menu, improving accessibility for players. \n\nThis allows players to easily view/change their locator bar settings without needing any command access or server permissions.\n\n\n"
        }
    ],
    "actions": [
        {
            "label": "Created by RedSyven"
        }
    ],
    "exit_action": {
        "label": "Back",
        "action": {
            "type": "show_dialog",
            "dialog": "lbo:main_menu"
        }
    }
}